{
  "0": {
    "face_index": 18822,
    "barycentric_coordinates": [
      0.6463098135190242,
      0.09214092470315717,
      0.01286143772656523,
      0.2486878240512535
    ]
  },
  "1": {
    "face_index": 26450,
    "barycentric_coordinates": [
      0.6387406308539669,
      0.28290750360665323,
      0.005723422425322823,
      0.07262844311405696
    ]
  },
  "2": {
    "face_index": 11836,
    "barycentric_coordinates": [
      0.6114552303082288,
      0.00025302448818933804,
      0.0661711907845053,
      0.3221205544190765
    ]
  },
  "3": {
    "face_index": 25491,
    "barycentric_coordinates": [
      0.028914513774801143,
      0.2387698374106468,
      0.7253976249154493,
      0.006918023899102725
    ]
  },
  "4": {
    "face_index": 25495,
    "barycentric_coordinates": [
      0.002159078031389483,
      0.012633520685378968,
      0.9813988904073878,
      0.003808510875843757
    ]
  },
  "5": {
    "face_index": 6729,
    "barycentric_coordinates": [
      0.057417870101148294,
      0.0021052708028994976,
      0.5343944571809217,
      0.40608240191503053
    ]
  },
  "6": {
    "face_index": 6656,
    "barycentric_coordinates": [
      0.003745030613048983,
      0.7033482315940475,
      0.18149400146431,
      0.11141273632859365
    ]
  },
  "7": {
    "face_index": 14867,
    "barycentric_coordinates": [
      0.7142387821869947,
      0.05911437137119554,
      0.07477774491375692,
      0.15186910152805286
    ]
  },
  "8": {
    "face_index": 22505,
    "barycentric_coordinates": [
      0.0019408601681776272,
      0.06760917984994536,
      0.5139208933327638,
      0.4165290666491133
    ]
  },
  "9": {
    "face_index": 41887,
    "barycentric_coordinates": [
      0.18722874314942295,
      0.501636982119121,
      0.16112116261772802,
      0.15001311211372803
    ]
  },
  "10": {
    "face_index": 30155,
    "barycentric_coordinates": [
      0.23765077395026935,
      0.5738400415127615,
      0.18836129053026923,
      0.00014789400669986972
    ]
  },
  "11": {
    "face_index": 30376,
    "barycentric_coordinates": [
      0.2836524059513561,
      0.0719497379974859,
      0.6428163401447605,
      0.0015815159063974687
    ]
  },
  "12": {
    "face_index": 14526,
    "barycentric_coordinates": [
      0.12264041637830414,
      0.49909585823381813,
      0.11901377940844718,
      0.2592499459794306
    ]
  },
  "13": {
    "face_index": 26436,
    "barycentric_coordinates": [
      0.23429375609090808,
      0.04353651981348635,
      0.12120824809598513,
      0.6009614759996205
    ]
  },
  "14": {
    "face_index": 18137,
    "barycentric_coordinates": [
      0.0024017705751889773,
      0.8280708616881567,
      0.05615324369437302,
      0.11337412404228135
    ]
  },
  "15": {
    "face_index": 21414,
    "barycentric_coordinates": [
      0.0005818172889713313,
      0.10223444728590048,
      0.4262578411514684,
      0.47092589427365983
    ]
  },
  "16": {
    "face_index": 6558,
    "barycentric_coordinates": [
      0.06846410878253106,
      0.0218146420516001,
      0.8240618442774829,
      0.08565940488838596
    ]
  },
  "17": {
    "face_index": 6633,
    "barycentric_coordinates": [
      0.9046925784015433,
      0.0004906828717971563,
      0.06272947393657509,
      0.03208726479008452
    ]
  },
  "18": {
    "face_index": 11799,
    "barycentric_coordinates": [
      0.007129684025870442,
      0.2608027804916279,
      0.5880539157219049,
      0.14401361976059668
    ]
  },
  "19": {
    "face_index": 18858,
    "barycentric_coordinates": [
      0.43280806944250705,
      0.5184088467105189,
      0.019216085448960026,
      0.02956699839801398
    ]
  },
  "20": {
    "face_index": 18469,
    "barycentric_coordinates": [
      0.005859684216213412,
      0.09012309461952928,
      0.37749182772403334,
      0.526525393440224
    ]
  },
  "21": {
    "face_index": 26518,
    "barycentric_coordinates": [
      0.16253754539925036,
      0.6327485622714123,
      0.2004323667676666,
      0.0042815255616706896
    ]
  },
  "22": {
    "face_index": 17764,
    "barycentric_coordinates": [
      0.48636180657946215,
      0.2772134674301966,
      0.003282388743147334,
      0.23314233724719394
    ]
  },
  "23": {
    "face_index": 11063,
    "barycentric_coordinates": [
      0.6137858208245841,
      0.21486560951774875,
      0.008452251756104846,
      0.16289631790156234
    ]
  },
  "24": {
    "face_index": 12014,
    "barycentric_coordinates": [
      0.261654211221263,
      0.16314368222172893,
      0.5442391369059358,
      0.03096296965107228
    ]
  },
  "25": {
    "face_index": 1999,
    "barycentric_coordinates": [
      0.2267716687572645,
      0.7088835828011859,
      0.002774881321618542,
      0.061569867119931045
    ]
  },
  "26": {
    "face_index": 9265,
    "barycentric_coordinates": [
      0.14914853979116005,
      0.4540720304183963,
      0.3436167455835987,
      0.05316268420684493
    ]
  },
  "27": {
    "face_index": 13878,
    "barycentric_coordinates": [
      0.0007985038029703073,
      0.3532862720769164,
      0.0005355378450682071,
      0.6453796862750452
    ]
  },
  "28": {
    "face_index": 27897,
    "barycentric_coordinates": [
      0.1377861221715171,
      0.10882086343300056,
      0.6344081505032526,
      0.1189848638922297
    ]
  },
  "29": {
    "face_index": 28794,
    "barycentric_coordinates": [
      0.00668501456271986,
      0.08623018514083398,
      0.2253681205621429,
      0.6817166797343033
    ]
  },
  "30": {
    "face_index": 27914,
    "barycentric_coordinates": [
      0.08580692369107801,
      0.2859761089315053,
      0.6276987429310648,
      0.0005182244463518179
    ]
  },
  "31": {
    "face_index": 30169,
    "barycentric_coordinates": [
      0.007910921269731808,
      0.6180266797044133,
      0.2954045865888828,
      0.0786578124369721
    ]
  },
  "32": {
    "face_index": 27908,
    "barycentric_coordinates": [
      0.38008525697965023,
      0.0036013258138471466,
      0.06695936398567263,
      0.54935405322083
    ]
  },
  "33": {
    "face_index": 36482,
    "barycentric_coordinates": [
      0.008080376006923018,
      0.5385779265329648,
      0.3834238327892677,
      0.06991786467084452
    ]
  },
  "34": {
    "face_index": 20193,
    "barycentric_coordinates": [
      0.12664695262756898,
      0.837295724035879,
      0.0015872989638556457,
      0.03447002437269632
    ]
  },
  "35": {
    "face_index": 30266,
    "barycentric_coordinates": [
      0.004848648746626383,
      0.49235628257001424,
      0.23945452078801036,
      0.26334054789534894
    ]
  },
  "36": {
    "face_index": 31019,
    "barycentric_coordinates": [
      0.3178036566813116,
      0.006854294218276337,
      0.4112150232443139,
      0.26412702585609815
    ]
  },
  "37": {
    "face_index": 22817,
    "barycentric_coordinates": [
      0.05144186674053919,
      0.22761128231157873,
      0.5608643557021559,
      0.1600824952457263
    ]
  },
  "38": {
    "face_index": 42107,
    "barycentric_coordinates": [
      0.19765201260969212,
      0.17485081804648792,
      0.40123939087253274,
      0.2262577784712873
    ]
  },
  "39": {
    "face_index": 36655,
    "barycentric_coordinates": [
      0.8133073636239586,
      0.007967668160059116,
      0.09801797072454113,
      0.08070699749144113
    ]
  },
  "40": {
    "face_index": 42106,
    "barycentric_coordinates": [
      0.1376680728379116,
      0.5110240842202594,
      0.013299213293345689,
      0.3380086296484833
    ]
  },
  "41": {
    "face_index": 36642,
    "barycentric_coordinates": [
      0.22779508347590238,
      0.24931495154477054,
      0.3902123730867988,
      0.13267759189252826
    ]
  },
  "42": {
    "face_index": 25451,
    "barycentric_coordinates": [
      0.20970130512970098,
      0.22910682691472045,
      0.37665742582239736,
      0.18453444213318118
    ]
  },
  "43": {
    "face_index": 6590,