{
  "大椎": [
    0.015185380354523659,
    0.9212984442710876,
    -0.03339105844497681
  ],
  "陶道": [
    0.014076314866542816,
    0.8981216549873352,
    -0.041635140776634216
  ],
  "身柱": [
    0.011337404139339924,
    0.8450294733047485,
    -0.04838767647743225
  ],
  "神道": [
    0.00969917792826891,
    0.7998546361923218,
    -0.045599255710840225
  ],
  "灵台": [
    0.008640576153993607,
    0.7731198668479919,
    -0.04637647047638893
  ],
  "至阳": [
    0.007929357700049877,
    0.7465676069259644,
    -0.04719896242022514
  ],
  "筋缩": [
    0.005564928520470858,
    0.6982946395874023,
    -0.04902830347418785
  ],
  "中枢": [
    0.0020476095378398895,
    0.6661093831062317,
    -0.05072798952460289
  ],
  "脊中": [
    -0.00020746792142745107,
    0.6335389614105225,
    -0.05190034955739975
  ],
  "悬枢": [
    -0.0018247178522869945,
    0.5820519924163818,
    -0.058701325207948685
  ],
  "命门": [
    -0.002642348874360323,
    0.5591220259666443,
    -0.06244790181517601
  ],
  "腰阳关": [
    -0.005431270692497492,
    0.5156125426292419,
    -0.08243732899427414
  ],
  "大杼1": [
    0.050907909870147705,
    0.8965861797332764,
    -0.04369119927287102
  ],
  "大杼2": [
    -0.025345364585518837,
    0.8986458778381348,
    -0.04107464477419853
  ],
  "风门1": [
    0.05058880150318146,
    0.8649949431419373,
    -0.054311685264110565
  ],
  "风门2": [
    -0.027333734557032585,
    0.8683618903160095,
    -0.04902450740337372
  ],
  "肺俞1": [
    0.050231192260980606,
    0.8414389491081238,
    -0.05744573101401329
  ],
  "肺俞2": [
    -0.03091409243643284,
    0.843406617641449,
    -0.05229157581925392
  ],
  "厥阴俞1": [
    0.0503864511847496,
    0.8218410015106201,
    -0.058607619255781174
  ],
  "厥阴俞2": [
    -0.031763896346092224,
    0.823625922203064,
    -0.052612513303756714
  ],
  "心俞1": [
    0.05050404742360115,
    0.7979066371917725,
    -0.06016910448670387
  ],
  "心俞2": [
    -0.03260954096913338,
    0.7994803786277771,
    -0.05293342471122742
  ],
  "督俞1": [
    0.05033966153860092,
    0.7696452140808105,
    -0.061791833490133286
  ],
  "督俞2": [
    -0.03296555578708649,
    0.7726708054542542,
    -0.053269531577825546
  ],
  "膈俞1": [
    0.048990052193403244,
    0.743617594242096,
    -0.06265068054199219
  ],
  "膈俞2": [
    -0.03433028236031532,
    0.7465386390686035,
    -0.053849492222070694
  ],
  "肝俞1": [
    0.044894590973854065,
    0.695439338684082,
    -0.062366168946027756
  ],
  "肝俞2": [
    -0.03681011497974396,
    0.699347972869873,
    -0.05345003306865692
  ],
  "胆俞1": [
    0.042983099818229675,
    0.6651951670646667,
    -0.06238825246691704
  ],
  "胆俞2": [
    -0.039603982120752335,
    0.6661637425422668,
    -0.053221140056848526
  ],
  "脾俞1": [
    0.03956032916903496,
    0.6345219612121582,
    -0.06176810339093208
  ],
  "脾俞2": [
    -0.04169836267828941,
    0.635278046131134,
    -0.05284745991230011
  ],
  "胃俞1": [
    0.03572880104184151,
    0.6097381114959717,
    -0.06174643337726593
  ],
  "胃俞2": [
    -0.042330581694841385,
    0.6092638373374939,
    -0.053630996495485306
  ],
  "三焦俞1": [
    0.03551555797457695,
    0.5824717283248901,
    -0.06311030685901642
  ],
  "三焦俞2": [
    -0.041567880660295486,
    0.583355724811554,
    -0.05691656470298767
  ],
  "肾俞1": [
    0.030956847593188286,
    0.5620905756950378,
    -0.06657948344945908
  ],
  "肾俞2": [
    -0.04170136898756027,
    0.5622998476028442,
    -0.060360826551914215
  ],
  "气海俞1": [
    0.0303029827773571,
    0.5368645787239075,
    -0.07532667368650436
  ],
  "气海俞2": [
    -0.040734563022851944,
    0.5402787327766418,
    -0.06739833950996399
  ],
  "大肠俞1": [
    0.02876526489853859,
    0.5171027183532715,
    -0.08666855841875076
  ],
  "大肠俞2": [
    -0.041025083512067795,
    0.5190334320068359,
    -0.07829061150550842
  ],
  "附分1": [
    0.08789830654859543,
    0.8606495261192322,
    -0.056945618242025375
  ],
  "附分2": [
    -0.06616449356079102,
    0.8664727210998535,
    -0.04692187160253525
  ],
  "魄户1": [
    0.08741449564695358,
    0.8404150009155273,
    -0.06324620544910431
  ],
  "魄户2": [
    -0.07046903669834137,
    0.8448392748832703,
    -0.051822055131196976
  ],
  "膏肓1": [
    0.0874650627374649,
    0.8211752772331238,
    -0.06581742316484451
  ],
  "膏肓2": [
    -0.07408470660448074,
    0.8243033289909363,
    -0.054936885833740234
  ],
  "神堂1": [
    0.08740779757499695,
    0.7980528473854065,
    -0.06928754597902298
  ],
  "神堂2": [
    -0.07490670680999756,
    0.8002417683601379,
    -0.0569051131606102
  ],
  "譩譆1": [
    0.08725543320178986,
    0.766703188419342,
    -0.07004113495349884
  ],
  "譩譆2": [
    -0.0776425376534462,
    0.7737652659416199,
    -0.05723878741264343
  ],
  "膈关1": [
    0.087628573179245,
    0.7409865260124207,
    -0.06979362666606903
  ],
  "膈关2": [
    -0.07838253676891327,
    0.7470512986183167,
    -0.056165069341659546
  ],
  "魂门1": [
    0.08430328965187073,
    0.6921577453613281,
    -0.06612474471330643
  ],
  "魂门2": [
    -0.07899948954582214,
    0.6999714374542236,
    -0.05288802832365036
  ],
  "阳纲1": [
    0.08393145352602005,
    0.6611867547035217,
    -0.06214619800448418
  ],
  "阳纲2": [
    -0.07650875300168991,
    0.6676048040390015,
    -0.049742892384529114
  ],
  "意舍1": [
    0.07741692662239075,
    0.6329683661460876,
    -0.05899181216955185
  ],
  "意舍2": [
    -0.07718071341514587,
    0.6369810104370117,
    -0.04435739293694496
  ],
  "胃仓1": [
    0.07000090926885605,
    0.6098757982254028,
    -0.06064973026514053
  ],
  "胃仓2": [
    -0.07594181597232819,
    0.6113676428794861,
    -0.04376025125384331
  ],
  "肓门1": [
    0.06729861348867416,
    0.5830962657928467,
    -0.061612650752067566
  ],
  "肓门2": [
    -0.07454809546470642,
    0.5839921832084656,
    -0.044900618493556976
  ],
  "志室1": [
    0.06426003575325012,
    0.5615144371986389,
    -0.06521273404359818
  ],
  "志室2": [
    -0.07177827507257462,
    0.5631918907165527,
    -0.048981618136167526
  ],
  "肩贞1": [
    0.18617336452007294,
    0.7309738993644714,
    -0.04242319613695145
  ],
  "肩贞2": [
    -0.1719987541437149,
    0.7518983483314514,
    -0.017682403326034546
  ],
  "臑俞1": [
    0.17015895247459412,
    0.8242154717445374,
    -0.05065209046006203
  ],
  "臑俞2": [
    -0.1477270871400833,
    0.8428568243980408,
    -0.02264270931482315
  ],
  "天宗1": [
    0.13169246912002563,
    0.7981730103492737,
    -0.06570350378751755
  ],
  "天宗2": [
    -0.11680983752012253,
    0.8051010966300964,
    -0.0485970638692379
  ],
  "秉风1": [
    0.13290420174598694,
    0.8483178019523621,
    -0.05305449664592743
  ],
  "秉风2": [
    -0.10963667929172516,
    0.8585653901100159,
    -0.03543328121304512
  ],
  "曲垣1": [
    0.11021216213703156,
    0.855437695980072,
    -0.05562489107251167
  ],
  "曲垣2": [
    -0.08547203987836838,
    0.8619332909584045,
    -0.042801618576049805
  ],
  "肩外俞1": [
    0.07519637048244476,
    0.8956252336502075,
    -0.03976636379957199
  ],
  "肩外俞2": [
    -0.04741804301738739,
    0.8991789817810059,
    -0.034331824630498886
  ],
  "肩中俞1": [
    0.053101424127817154,
    0.9202722907066345,
    -0.02924114279448986
  ],
  "肩中俞2": [
    -0.026536135002970695,
    0.9220998883247375,
    -0.026725852862000465
  ],
  "肩髎1": [
    0.21616651117801666,
    0.8252264857292175,
    -0.026864495128393173
  ],
  "肩髎2": [
    -0.06956691294908524,
    0.8908867835998535,
    -0.03250190243124962
  ],
  "天髎1": [
    0.09994910657405853,
    0.8870862722396851,
    -0.036237917840480804
  ],
  "天髎2": [
    -0.18915177881717682,
    0.8373827338218689,
    0.005130129400640726
  ]
}